{
    "HATDINHDUONG": {
        "hatdinhduong": [{
                "name": "Hạt Bí Xanh",
                "pic": "../assets/image/hat_bixanh.jpg",
                "price": "135.000 đ",
                "detail": "Hạt bí xanh rang chín FIJI NUTS, hạt bí xanh tách vỏ Ấn Độ sấy giòn nguyên vị <br><br>        Thông tin sản phẩm:<br>        - Trọng lượng: Gói 500gr<br>        - Xuất xứ: Nhập khẩu Ấn Độ<br>        - Hạn sử dụng: 6 tháng kể từ ngày sản xuất (in trên bao bì)<br>        - Phân phối bởi công ty TNHH Hạt dinh dưỡng Tây Nguyên<br><br>        Đặc điểm nổi bật của sản phẩm:<br>        - Nguồn nguyên liệu nhập khẩu chính ngạch.<br>        - Quy trình sản xuất đạt chuẩn VSATTP.<br>        - Hạt bí xanh không có chất bảo quản, an toàn cho sức khỏe.<br>        - Hạt rang theo quy trình, công nghệ hiện đại, hạt đạt độ ẩm vừa phải, giòn thơm ngon.<br>        - Bảo quản lạnh kỹ lưỡng, chống nấm mốc."
            },
            {
                "name": "Hạt Dẻ Cười",
                "pic": "../assets/image/hat_decuoi.jpg",
                "price": "220.000 đ",
                "detail": "Hạt dẻ cười FIJI NUTS, hạt dẻ cười rang muối không tẩy trắng giàu dinh dưỡng<br/> <br/>      Thông tin sản phẩm:<br/>        - Trọng lượng: Gói 500gr<br/>        - Xuất xứ: Việt Nam<br/>        - Hạn sử dụng: 6 tháng kể từ ngày sản xuất (in trên bao bì)<br/>        - Phân phối bởi công ty TNHH Hạt dinh dưỡng Tây Nguyên<br/>        Đặc điểm nổi bật của sản phẩm:<br/>        - Hạt được rang muối, rất giòn, ăn rất thơm và ngọt bùi.<br/>        - Không tẩy trắng, an toàn cho sức khỏe.<br/>        - Được đóng gói hút chân không cẩn thận.<br/>        - Ăn trực tiếp hoặc sử dụng trong các món ăn, sữa hạt,...<br/>        - Đầy đủ giấy tờ nhập khẩu, đạt tiêu chuẩn VSATTP."
            },
            {
                "name": "Hạt Bí Xanh",
                "pic": "../assets/image/hat_bixanh.jpg",
                "price": "135.000 đ",
                "detail": "Hạt bí xanh rang chín FIJI NUTS, hạt bí xanh tách vỏ Ấn Độ sấy giòn nguyên vị <br/><br/>        Thông tin sản phẩm:<br/>        - Trọng lượng: Gói 500gr<br/>        - Xuất xứ: Nhập khẩu Ấn Độ<br/>        - Hạn sử dụng: 6 tháng kể từ ngày sản xuất (in trên bao bì)<br/>       - Phân phối bởi công ty TNHH Hạt dinh dưỡng Tây Nguyên<br/>       Đặc điểm nổi bật của sản phẩm:<br/>        - Nguồn nguyên liệu nhập khẩu chính ngạch.<br/>        - Quy trình sản xuất đạt chuẩn VSATTP.<br/>        - Hạt bí xanh không có chất bảo quản, an toàn cho sức khỏe.<br/>        - Hạt rang theo quy trình, công nghệ hiện đại, hạt đạt độ ẩm vừa phải, giòn thơm ngon.<br/>        - Bảo quản lạnh kỹ lưỡng, chống nấm mốc."
            },
            {
                "name": "Hạnh Nhân Rang Mộc",
                "pic": "../assets/image/hat_hanhnhan.jpg",
                "price": "165.000 đ",
                "detail": "Hạnh nhân rang mộc FIJI NUTS, hạt hạnh nhân Mỹ vỏ mỏng, hạnh nhân mật ong<br/><br/>        Thông tin sản phẩm:<br/>        - Trọng lượng: Gói 500gr<br/>        - Xuất xứ: Nhập khẩu Mỹ<br/>        - Hạn sử dụng: 6 tháng kể từ ngày sản xuất (in trên bao bì)<br/>        - Phân phối bởi công ty TNHH Hạt dinh dưỡng Tây Nguyên<br/><br/>        Đặc điểm nổi bật của sản phẩm:<br/>        - Nguồn nguyên liệu nhập khẩu sạch.<br/>        - Quy trình sản xuất đạt chuẩn VSATTP. <br/>        - Không có chất bảo quản, an toàn cho sức khỏe.<br/>        - Kỹ thuật rang hạnh nhân theo công nghệ cao cho ra hạt chất lượng,đạt độ ẩm tiêu chuẩn giữ được vị hạt thơm, giòn nguyên bản.<br/>        - Bảo quản lạnh kỹ lưỡng trong môi trường chân không, chống nấm mốc."
            },
            {
                "name": "Hạnh Điều Rang Muối",
                "pic": "../assets/image/hat_dieu.jpg",
                "price": "115.000 đ",
                "detail": "Hạt điều rang muối nguyên hạt FIJI NUTS, hạt điều rang muối Bình Phước thơm ngon<br/><br/>        📍 Thông tin sản phẩm:<br/>        - Trọng lượng: Gói 500gr hút chân không hoặc hũ 500gr<br/>        - Xuất xứ: Bình Phước<br/>        - Hạn sử dụng: 6 tháng kể từ ngày sản xuất (in trên bao bì)<br/>        - Phân phối bởi công ty TNHH Hạt dinh dưỡng Tây Nguyên<br/><br/>        📍 Đặc điểm nổi bật của sản phẩm:<br/>        - Nguồn nguyên liệu điều Bình Phước sạch.<br/>        - Hạt điều rang muối được rang củi thủ công với muối (muối chỉ chiếm tỉ lệ 1% nên không bị mặn đắng), bóc vỏ sẵn.<br/>        - Quy trình sản xuất đạt chuẩn VSATTP.<br/>        - Không có chất bảo quản, an toàn cho sức khỏe.<br/>        - Kỹ thuật rang theo công nghệ cao cho ra hạt chất lượng,đạt độ ẩm tiêu chuẩn giữ được vị hạt thơm ngon.<br/>        - Bảo quản lạnh kỹ lưỡng trong môi trường chân không, chống nấm mốc."
            },
            {
                "name": "Hạt Macca Tây Nguyên Nứt Vỏ",
                "pic": "../assets/image/hat_macca.jpg",
                "price": "125.000 đ",
                "detail": "Hạt macca nứt vỏ FIJI NUTS, hạt mắc ca Tây Nguyên đã rang sấy tốt cho bà bầu<br/><br/>        Tông tin sản phẩm:<br/>        - Trọng lượng: Gói 500gr hút chân không hoặc hũ nhựa 450gr<br/>        - Xuất xứ: Lâm Đồng, Việt Nam<br/>        - Hạn sử dụng: 6 tháng kể từ ngày sản xuất (in trên bao bì)<br/>        - Phân phối bởi công ty TNHH Hạt dinh dưỡng Tây Nguyên<br/>       <br/>        Đặc điểm nổi bật của sản phẩm:<br/>        - Nguồn nguyên liệu 100% hạt macca sạch, nguyên liệu từ vùng đất Tây Nguyên màu mỡ.<br/>        - Quy trình sản xuất đạt chuẩn VSATTP. <br/>        - Không có chất bảo quản, an toàn cho sức khỏe.<br/>        - Kỹ thuật sấy nứt theo công nghệ cao cho đầu ra hạt macca chất lượng, đạt độ ẩm tiêu chuẩn, dễ tách vỏ hạt.<br/>        - Hạt macca được xử lý bảo quản lạnh kỹ lưỡng trong môi trường chân không, chống nấm mốc."
            },
            {
                "name": "Hạt Óc Chó Nhân Vàng",
                "pic": "../assets/image/hat_occho.jpg",
                "price": "165.000 đ",
                "detail": "Nhân óc chó vàng FIJI NUTS, hạt óc chó tách vỏ Chile tốt cho bà bầu, cho bé<br/><br/>        Thông tin sản phẩm:<br/>        - Trọng lượng: Gói/ hũ nhựa 400gr hút chân không hoặc hũ nhựa 200gr<br/>        - Xuất xứ: Nhập khẩu Chile<br/>        - Hạn sử dụng: 6 tháng kể từ ngày sản xuất (in trên bao bì)<br/>        - Phân phối bởi công ty TNHH Hạt dinh dưỡng Tây Nguyên<br/>        <br/>        Đặc điểm nổi bật của sản phẩm:<br/>        - Nguồn nguyên liệu hạt óc chó nhập khẩu, hạt vụ mới.<br/>        - Quy trình đóng gói tách vỏ hạt, đóng gói tại Việt Nam đạt chuẩn VSATTP.<br/>        - Hạt óc chó không có chất bảo quản, không chất tẩy trắng, không hun trùng, không tẩm ướp, an toàn cho sức khỏe.<br/>        - Quy trình chế biến đảm bảo theo Tiêu chuẩn vệ sinh An toàn thực phẩm.<br/>        - Bảo quản lạnh kỹ lưỡng trong môi trường chân không, chống nấm mốc."
            }
        ]
    }
}