{
  "HOAQUASAY": {
    "hoaquasay": [
      {
        "name": "Dâu Tây Sấy Dẻo",
        "pic": "../assets/image/traicaysay_dau.jpg",
        "price": "185.000 đ",
        "detail": "Dâu tây sấy dẻo FIJI NUTS<br><br>        Thông tin sản phẩm:<br>        - Trọng lượng: Hộp 400gr<br>        - Xuất xứ: Đà Lạt, Việt Nam <br>        - Hạn sử dụng: 6 tháng kể từ ngày sản xuất (in trên bao bì)<br><br>        <br>        Đặc điểm nổi bật của sản phẩm:<br>        - Dâu tây là đặc sản của xứ sở ngàn thông, ai đã từng một lần đến Đà Lạt mà chưa được tận mắt chiêm ngưỡng và hái những quả dâu chín mọng thì quả là đáng tiếc.<br>        - Dâu tây Đà Lạt nổi tiếng bởi cái ngon, ngọt và đẹp mắt, từng quả đo đỏ ẩn hiện trong tiết trời se lạnh.<br>        - Ăn nhiều dâu tây đà lạt sẽ rất có lợi cho sức khỏe của con người, đặc biệt là chống lão hóa."
      },
      {
        "name": "Hồng Treo Gió Đà Lạt",
        "pic": "../assets/image/traicaysay_hong.jpg",
        "price": "225.000 đ",
        "detail": "Hồng Treo Gió Đà Lạt <br><br>        Thông tin sản phẩm:<br>        - Trọng lượng: Gói 500gr<br>        - Xuất xứ: Việt Nam<br>        - Hạn sử dụng: 6 tháng kể từ ngày sản xuất (in trên bao bì)<br>        - Phân phối bởi công ty TNHH Hạt dinh dưỡng Tây Nguyên<br><br>        Đặc điểm nổi bật của sản phẩm:<br>        - Hồng treo gió được sấy khô tự nhiên bằng ánh nắng mặt trời, không tẩm ướp gia vị và có vị ngọt thanh mát, rất dễ ăn (không ngọt sắc). Thích hợp ăn vặt nhưng vẫn đảm bảo sức khoẻ.<br>        - Nguồn nguyên liệu nhập khẩu chính ngạch.<br>        - Hồng treo gió không có chất bảo quản, an toàn cho sức khỏe.<br>        - Bảo quản lạnh kỹ lưỡng, chống nấm mốc.<br>        - Shop cam kết bán hàng chính hãng. Đổi trả trong vòng 15 ngày nếu phát hiện lỗi từ nhà sản xuất."
      },
      {
        "name": "Mơ Sấy Dẻo Turkey",
        "pic": "../assets/image/traicaysay_mo.jpg",
        "price": "185.000 đ",
        "detail": "Mơ sấy dẻo không đường FIJI NUTS, mơ sấy dẻo Thổ Nhĩ Kỳ ăn kiêng<br><br>        Thông tin sản phẩm:<br>        - Trọng lượng: Gói 400gr<br>        - Xuất xứ: Nhập khẩu Thổ Nhỉ Kỳ<br>        - Hạn sử dụng: 6 tháng kể từ ngày sản xuất (in trên bao bì)<br>        - Phân phối bởi công ty TNHH Hạt dinh dưỡng Tây Nguyên<br><br>        Đặc điểm nổi bật của sản phẩm:<br>        - Mơ sấy dẻo được sấy khô tự nhiên bằng ánh nắng mặt trời, không tẩm ướp gia vị và có vị ngọt thanh mát, rất dễ ăn (không ngọt sắc). Thích hợp ăn vặt nhưng vẫn đảm bảo sức khoẻ.<br>        - Nguồn nguyên liệu nhập khẩu chính ngạch.<br>        - Không có chất bảo quản, an toàn cho sức khỏe.<br>        - Bảo quản lạnh kỹ lưỡng, chống nấm mốc."
      },
      {
        "name": "Nho Khô Raisins 3 màu",
        "pic": "../assets/image/traicaysay_nho.jpg",
        "price": "125.000 đ",
        "detail": "Nho khô Raisins 3 màu FIJI NUTS, nho khô không đường sấy chua ngọt<br><br>        Thông tin sản phẩm:<br>        - Trọng lượng: Hũ nhựa 450gr<br>        - Xuất xứ: Nhập khẩu Chile<br>        - Hạn sử dụng: 6 tháng kể từ ngày sản xuất (in trên bao bì)<br>        - Phân phối bởi công ty TNHH Hạt dinh dưỡng Tây Nguyên<br>       <br>        Đặc điểm nổi bật của sản phẩm:<br>        - Được sấy khô tự nhiên bằng ánh nắng mặt trời, không tẩm ướp gia vị và có vị ngọt thanh mát, rất dễ ăn (không ngọt sắc). Thích hợp ăn vặt nhưng vẫn đảm bảo sức khoẻ.<br>        - Nguồn nguyên liệu nhập khẩu chính ngạch.<br>        - Nho khô không có chất bảo quản, an toàn cho sức khỏe.<br>        - Bảo quản lạnh kỹ lưỡng, chống nấm mốc."
      },
      {
        "name": "Nam Việt Quất Sấy Dẻo",
        "pic": "../assets/image/traicaysay_vietquat.jpg",
        "price": "185.000 đ",
        "detail": "Nam việt quất sấy khô FIJI NUTS, nam việt quất không đường ăn kiêng <br><br>        Thông tin sản phẩm:<br>        - Trọng lượng: Hũ nhựa 400gr <br>        - Xuất xứ: Nhập khẩu Mỹ<br>        - Hạn sử dụng: 6 tháng kể từ ngày sản xuất (in trên bao bì)<br>        - Phân phối bởi công ty TNHH Hạt dinh dưỡng Tây Nguyên<br>        <br>        Đặc điểm nổi bật của sản phẩm:<br>        - Nam việt quất được sấy khô tự nhiên bằng ánh nắng mặt trời, không tẩm ướp gia vị và có vị ngọt thanh mát, rất dễ ăn (không ngọt sắc). Thích hợp ăn vặt nhưng vẫn đảm bảo sức khoẻ.<br>        - Nguồn nguyên liệu nhập khẩu chính ngạch.<br>        - Nam việt quất không có chất bảo quản, an toàn cho sức khỏe.<br>        - Bảo quản việt quất sấy khô lạnh kỹ lưỡng, chống nấm mốc."
      }
    ]
  }
}