{
    "BOTRAUCU": {
        "botraucu": [
            {
                "name": "Bột Cải Xoăn Kale",
                "pic": "../assets/image/bot_caixoan3.jpg",
                "price": "135.000 đ",
                "detail": "THÔNG TIN SẢN PHẨM: <br>            Thành phần : 100 % Bột cải xoăn nguyên chất <br>            Khối lượng tịnh : 50g <br> <br>            Công dụng : <br>            - Bổ sung dưỡng chất cho cơ thể <br> <br>            Cách dùng : <br>            - Là loại bột có chứa hàm lượng dinh dưỡng rất lớn được sử dụng thay thế cho lá cải xoăn tươi. <br>            - Pha 3 - 5g ( tương đương 1 đến 2 thìa cafe ) bột với khoảng 200ml nước tinh khiết dùng uống trực tiếp <br>            - Kết hợp với các loại trái cây, rau xanh và đường sữa để làm sinh tố <br>            - Kết hợp với cháo cho bé ăn dặm, làm sốt, nước súp hoặc kết hợp với các nguyên liệu khác theo ý muốn. <br> <br>            Bảo quản : Tránh để bột cải xoăn ở nơi có ánh sáng, nơi có nhiệt độ và độ ẩm cao. Đóng kín bao bì sau khi sử dụng và bảo quản ở ngăn mát tủ lạnh."
            },
            {
                "name": "Bột Cần Tây",
                "pic": "../assets/image/bot_cantay3.jpg",
                "price": "129.000 đ",
                "detail": "Thông tin sản phẩm:<br>        - Thành phần: 100% Bột rau cần tây nguyên chất<br>        - Khối lượng tịnh: 50g<br><br>        Công dụng:<br>        - Chống lão hóa và ngừa ung thư.<br>        - Lợi tiểu, giải độc cơ thể.<br>        - Kiểm soát tình trạng thừa cân.<br><br>        Cách dùng:<br>        - Bột cần tây dùng để uống trực tiếp thay cho rau tươi. <br>        - Nếu dùng để hỗ trợ giảm cân thì uống theo hướng dẫn như sau: Ngày uống 2 đến 3 lần, 3g bột, tương đương 2 thìa cafe. Uống sau khi ngủ dậy và trước các bữa ăn hoặc trong khi tập thể thao, tâp yoga, tập gym . Không lạm dụng uống nhiều mà nên đủ lượng và lết hợp chế độ dinh dưỡng đa dạng, tập thể thao thường xuyên.<br>        - Có thể kết hợp bột cần tây với các nguyên liệu khác như carot, cà chua, chanh hoặc dứa để làm sinh tố. Công thức sẽ linh động theo số lượng mà bạn mong muốn sử dụng cho bao nhiêu khẩu phần.<br>        - Mỗi khẩu phần uống chỉ nên dùng 5g bột ( tương đương 2 thìa cafe ), các nguyên liệu còn lại có thể tùy ý theo sở thích. Đưa các nguyên liệu muốn xay và bột cần tây vào máy xay sinh tố. Cho thêm đường hoặc mật ong để cho hỗn hợp sinh tố dễ uống. Thêm đá rồi thưởng thức."
            },
            {
                "name": "Bột Rau Diếp Cá",
                "pic": "../assets/image/bot_diepca3.jpg",
                "price": "99.000 đ",
                "detail": "Thành phần : 100 % Bột rau diếp cá nguyên chất <br>        Khối lượng tịnh : 50g <br> <br>        Cách dùng : <br>        - Có thể ăn hoặc uống trực tiếp và được sử dụng thay thế cho lá tươi <br>        - Pha một thìa bột diếp cá khoảng 2 - 3 gam ( tương đương 1 thìa cafe ) với 200ml nước tinh khiết rồi thêm đường hoặc mật ong cho dễ uống. Mỗi ngày dùng 2 ly là vừa đủ, uống trong khi ăn hoặc ngay sau khi ăn <br>        - Sử dụng 3 - 5 gam ( 1 - 2 thìa cà phê ) đảo lẫn với cháo hoặc bột cho trẻ ăn dặm <br>        - Bột rau diếp cá kết hợp với các hỗn hợp khác như sữa tươi, mật ong, sữa chua để làm sinh tố hoặc tạo thành dung dịch dạng sệt đắp mặt rất tốt. <br> <br>        Bảo quản : Tránh đểở nơi có ánh sáng, nơi có nhiệt độ và độ ẩm cao. Đóng kín bao bì sau khi sử dụng và bảo quản ở ngăn mát tủ lạnh."
            },
            {
                "name": "Bột Rau Má",
                "pic": "../assets/image/bot_rauma3.jpg",
                "price": "99.000 đ",
                "detail": "THÔNG TIN SẢN PHẨM <br>        Thành phần : 100 % Bột rau má ( không phẩm màu, không chất bảo quản ) <br>        Khối lượng tịnh : 50g <br> <br>        Cách dùng : <br>        - Sử dụng 5g -10g ( 2 - 3 thìa cafe ) bột rau má pha với 200ml nước tinh khiết uống trực tiếp hoặc cũng với tỉ lệ như trên và kết hợp với các nguyên liệu khác như đường phèn, sữa, bột đậu xanh, nước cốt dừa để làm sinh tố rau má theo tỉ lệ mong muốn <br>        - Sử dụng 3 - 5 gam ( 1 - 2 thìa cà phê ) đảo lẫn với cháo hoặc bột ăn dặm cho trẻ. <br>        - Kết hợp với dung dịch khác như nước, sữa chua, mật ong làm hỗn hợp đắp mặt. <br> <br>        Bảo quản : Tránh để bột rau má ở nơi có ánh sáng, nơi có nhiệt độ và độ ẩm cao. Đóng kín bao bì sau khi sử dụng và bảo quản ở ngăn mát tủ lạnh. <br> <br>        Lưu ý : <br>        - Không nên uống quá nhiều nước rau má, mỗi ngày chỉ nên uống khoảng 40g rau má. <br>        - Không nên sử dụng rau má, uống nước rau má thường xuyên quá 1 tháng. Sau 1 tháng dùng rau má với hàm lượng khuyến cáo, bạn cần ngừng nghỉ ít nhất nửa tháng rồi mới tiếp tục. <br>        - Phụ nữ đang mang thai hoặc có ý định muốn thụ thai không nên sử dụng rau má"
            },
            {
                "name": "Bột Trà Xanh",
                "pic": "../assets/image/bot_traxanh2.jpg",
                "price": "99.000 đ",
                "detail": "Thành phần : 100 % bột lá trà xanh nguyên chất được sản xuất theo công nghệ Nhật Bản <br>        Khối lượng tịnh : 50g <br> <br>        Cách dùng <br>        - Bột matcha trà xanh có thể ăn, uống trực tiếp, làm nguyên liệu dùng trong pha chế đồ uống, chế biến thực phẩm và mĩ phẩm. <br>        - Cho một lượng matcha vừa đủ theo khẩu vị rồi kết hợp với đường, sữa và một số nguyên liệu khác để pha chế đồ uống, làm bánh kẹo, làm thạch, làm kem hoặc sử dụng làm mặt nạ dưỡng da. <br>        - Cho 1 muỗng cafe bột với 200ml nước ấm ( 60 ℃ - 80 ℃ ), khuấy đều để có ly matcha nguyên chất <br>        - Kết hợp với dung dịch khác như nước, sữa chua, mật ong làm hỗn hợp đắp mặt. <br> <br>        Bảo quản : Tránh để matcha ở nơi có ánh sáng, nơi có nhiệt độ và độ ẩm cao. Đóng kín bao bì sau khi sử dụng và bảo quản ở ngăn mát tủ lạnh. <br> <br>        Lưu ý : <br>        - không dùng sản phẩm cho trẻ dưới 3 tuổi <br>        - không dùng sản phẩm khi phát hiện dấu hiệu ẩm mốc hoặc có mùi lạ <br>        - Mỗi ngày chỉ nên dùng dưới 10g matcha"
            },
            
            {
                "name": "Hạt Bí Xanh",
                "pic": "../assets/image/hat_bixanh.jpg",
                "price": "135.000 đ",
                "detail": "Hạt bí xanh rang chín FIJI NUTS, hạt bí xanh tách vỏ Ấn Độ sấy giòn nguyên vị        Thông tin sản phẩm:        - Trọng lượng: Gói 500gr        - Xuất xứ: Nhập khẩu Ấn Độ        - Hạn sử dụng: 6 tháng kể từ ngày sản xuất (in trên bao bì)        - Phân phối bởi công ty TNHH Hạt dinh dưỡng Tây Nguyên                Đặc điểm nổi bật của sản phẩm:        - Nguồn nguyên liệu nhập khẩu chính ngạch.        - Quy trình sản xuất đạt chuẩn VSATTP.        - Hạt bí xanh không có chất bảo quản, an toàn cho sức khỏe.        - Hạt rang theo quy trình, công nghệ hiện đại, hạt đạt độ ẩm vừa phải, giòn thơm ngon.        - Bảo quản lạnh kỹ lưỡng, chống nấm mốc."
            },
            {
                "name": "Hạt Dẻ Cười",
                "pic": "../assets/image/hat_decuoi.jpg",
                "price": "220.000 đ",
                "detail": "Hạt dẻ cười FIJI NUTS, hạt dẻ cười rang muối không tẩy trắng giàu dinh dưỡng        Thông tin sản phẩm:        - Trọng lượng: Gói 500gr        - Xuất xứ: Việt Nam        - Hạn sử dụng: 6 tháng kể từ ngày sản xuất (in trên bao bì)        - Phân phối bởi công ty TNHH Hạt dinh dưỡng Tây Nguyên        Đặc điểm nổi bật của sản phẩm:        - Hạt được rang muối, rất giòn, ăn rất thơm và ngọt bùi.        - Không tẩy trắng, an toàn cho sức khỏe.        - Được đóng gói hút chân không cẩn thận.        - Ăn trực tiếp hoặc sử dụng trong các món ăn, sữa hạt,...        - Đầy đủ giấy tờ nhập khẩu, đạt tiêu chuẩn VSATTP."
            },
            {
                "name": "Hạnh Nhân Rang Mộc",
                "pic": "../assets/image/hat_hanhnhan.jpg",
                "price": "165.000 đ",
                "detail": "Hạnh nhân rang mộc FIJI NUTS, hạt hạnh nhân Mỹ vỏ mỏng, hạnh nhân mật ong        Thông tin sản phẩm:        - Trọng lượng: Gói 500gr        - Xuất xứ: Nhập khẩu Mỹ        - Hạn sử dụng: 6 tháng kể từ ngày sản xuất (in trên bao bì)        - Phân phối bởi công ty TNHH Hạt dinh dưỡng Tây Nguyên<br><br>        Đặc điểm nổi bật của sản phẩm:<br>        - Nguồn nguyên liệu nhập khẩu sạch.<br>        - Quy trình sản xuất đạt chuẩn VSATTP. <br>        - Không có chất bảo quản, an toàn cho sức khỏe.<br>        - Kỹ thuật rang hạnh nhân theo công nghệ cao cho ra hạt chất lượng,đạt độ ẩm tiêu chuẩn giữ được vị hạt thơm, giòn nguyên bản.<br>        - Bảo quản lạnh kỹ lưỡng trong môi trường chân không, chống nấm mốc."
            },
            {
                "name": "Hạnh Điều Rang Muối",
                "pic": "../assets/image/hat_dieu.jpg",
                "price": "115.000 đ",
                "detail": "Hạt điều rang muối nguyên hạt FIJI NUTS, hạt điều rang muối Bình Phước thơm ngon<br><br>        📍 Thông tin sản phẩm:<br>        - Trọng lượng: Gói 500gr hút chân không hoặc hũ 500gr<br>        - Xuất xứ: Bình Phước<br>        - Hạn sử dụng: 6 tháng kể từ ngày sản xuất (in trên bao bì)<br>        - Phân phối bởi công ty TNHH Hạt dinh dưỡng Tây Nguyên<br><br>        📍 Đặc điểm nổi bật của sản phẩm:<br>        - Nguồn nguyên liệu điều Bình Phước sạch.<br>        - Hạt điều rang muối được rang củi thủ công với muối (muối chỉ chiếm tỉ lệ 1% nên không bị mặn đắng), bóc vỏ sẵn.<br>        - Quy trình sản xuất đạt chuẩn VSATTP.<br>        - Không có chất bảo quản, an toàn cho sức khỏe.<br>        - Kỹ thuật rang theo công nghệ cao cho ra hạt chất lượng,đạt độ ẩm tiêu chuẩn giữ được vị hạt thơm ngon.<br>        - Bảo quản lạnh kỹ lưỡng trong môi trường chân không, chống nấm mốc."
            },
            {
                "name": "Hạt Macca Tây Nguyên Nứt Vỏ",
                "pic": "../assets/image/hat_macca.jpg",
                "price": "125.000 đ",
                "detail": "Hạt macca nứt vỏ FIJI NUTS, hạt mắc ca Tây Nguyên đã rang sấy tốt cho bà bầu<br><br>        Tông tin sản phẩm:<br>        - Trọng lượng: Gói 500gr hút chân không hoặc hũ nhựa 450gr<br>        - Xuất xứ: Lâm Đồng, Việt Nam<br>        - Hạn sử dụng: 6 tháng kể từ ngày sản xuất (in trên bao bì)<br>        - Phân phối bởi công ty TNHH Hạt dinh dưỡng Tây Nguyên<br>       <br>        Đặc điểm nổi bật của sản phẩm:<br>        - Nguồn nguyên liệu 100% hạt macca sạch, nguyên liệu từ vùng đất Tây Nguyên màu mỡ.<br>        - Quy trình sản xuất đạt chuẩn VSATTP. <br>        - Không có chất bảo quản, an toàn cho sức khỏe.<br>        - Kỹ thuật sấy nứt theo công nghệ cao cho đầu ra hạt macca chất lượng, đạt độ ẩm tiêu chuẩn, dễ tách vỏ hạt.<br>        - Hạt macca được xử lý bảo quản lạnh kỹ lưỡng trong môi trường chân không, chống nấm mốc."
            },
            {
                "name": "Hạt Óc Chó Nhân Vàng",
                "pic": "../assets/image/hat_occho.jpg",
                "price": "165.000 đ",
                "detail": "Nhân óc chó vàng FIJI NUTS, hạt óc chó tách vỏ Chile tốt cho bà bầu, cho bé<br><br>        Thông tin sản phẩm:<br>        - Trọng lượng: Gói/ hũ nhựa 400gr hút chân không hoặc hũ nhựa 200gr<br>        - Xuất xứ: Nhập khẩu Chile<br>        - Hạn sử dụng: 6 tháng kể từ ngày sản xuất (in trên bao bì)<br>        - Phân phối bởi công ty TNHH Hạt dinh dưỡng Tây Nguyên<br>        <br>        Đặc điểm nổi bật của sản phẩm:<br>        - Nguồn nguyên liệu hạt óc chó nhập khẩu, hạt vụ mới.<br>        - Quy trình đóng gói tách vỏ hạt, đóng gói tại Việt Nam đạt chuẩn VSATTP.<br>        - Hạt óc chó không có chất bảo quản, không chất tẩy trắng, không hun trùng, không tẩm ướp, an toàn cho sức khỏe.<br>        - Quy trình chế biến đảm bảo theo Tiêu chuẩn vệ sinh An toàn thực phẩm.<br>        - Bảo quản lạnh kỹ lưỡng trong môi trường chân không, chống nấm mốc."
            },
            {
                "name": "Dâu Tây Sấy Dẻo",
                "pic": "../assets/image/traicaysay_dau.jpg",
                "price": "185.000 đ",
                "detail": "Dâu tây sấy dẻo FIJI NUTS<br><br>        Thông tin sản phẩm:<br>        - Trọng lượng: Hộp 400gr<br>        - Xuất xứ: Đà Lạt, Việt Nam <br>        - Hạn sử dụng: 6 tháng kể từ ngày sản xuất (in trên bao bì)<br><br>        <br>        Đặc điểm nổi bật của sản phẩm:<br>        - Dâu tây là đặc sản của xứ sở ngàn thông, ai đã từng một lần đến Đà Lạt mà chưa được tận mắt chiêm ngưỡng và hái những quả dâu chín mọng thì quả là đáng tiếc.<br>        - Dâu tây Đà Lạt nổi tiếng bởi cái ngon, ngọt và đẹp mắt, từng quả đo đỏ ẩn hiện trong tiết trời se lạnh.<br>        - Ăn nhiều dâu tây đà lạt sẽ rất có lợi cho sức khỏe của con người, đặc biệt là chống lão hóa."
            },
            {
                "name": "Hống Treo Gió Đà Lạt",
                "pic": "../assets/image/traicaysay_hong.jpg",
                "price": "225.000 đ",
                "detail": "Hồng Treo Gió Đà Lạt <br><br>        Thông tin sản phẩm:<br>        - Trọng lượng: Gói 500gr<br>        - Xuất xứ: Việt Nam<br>        - Hạn sử dụng: 6 tháng kể từ ngày sản xuất (in trên bao bì)<br>        - Phân phối bởi công ty TNHH Hạt dinh dưỡng Tây Nguyên<br><br>        Đặc điểm nổi bật của sản phẩm:<br>        - Hồng treo gió được sấy khô tự nhiên bằng ánh nắng mặt trời, không tẩm ướp gia vị và có vị ngọt thanh mát, rất dễ ăn (không ngọt sắc). Thích hợp ăn vặt nhưng vẫn đảm bảo sức khoẻ.<br>        - Nguồn nguyên liệu nhập khẩu chính ngạch.<br>        - Hồng treo gió không có chất bảo quản, an toàn cho sức khỏe.<br>        - Bảo quản lạnh kỹ lưỡng, chống nấm mốc.<br>        - Shop cam kết bán hàng chính hãng. Đổi trả trong vòng 15 ngày nếu phát hiện lỗi từ nhà sản xuất."
            },
            {
                "name": "Mơ Sấy Dẻo Turkey",
                "pic": "../assets/image/traicaysay_mo.jpg",
                "price": "185.000 đ",
                "detail": "Mơ sấy dẻo không đường FIJI NUTS, mơ sấy dẻo Thổ Nhĩ Kỳ ăn kiêng<br><br>        Thông tin sản phẩm:<br>        - Trọng lượng: Gói 400gr<br>        - Xuất xứ: Nhập khẩu Thổ Nhỉ Kỳ<br>        - Hạn sử dụng: 6 tháng kể từ ngày sản xuất (in trên bao bì)<br>        - Phân phối bởi công ty TNHH Hạt dinh dưỡng Tây Nguyên<br><br>        Đặc điểm nổi bật của sản phẩm:<br>        - Mơ sấy dẻo được sấy khô tự nhiên bằng ánh nắng mặt trời, không tẩm ướp gia vị và có vị ngọt thanh mát, rất dễ ăn (không ngọt sắc). Thích hợp ăn vặt nhưng vẫn đảm bảo sức khoẻ.<br>        - Nguồn nguyên liệu nhập khẩu chính ngạch.<br>        - Không có chất bảo quản, an toàn cho sức khỏe.<br>        - Bảo quản lạnh kỹ lưỡng, chống nấm mốc."
            },
            {
                "name": "Nho Khô Raisins 3 màu",
                "pic": "../assets/image/traicaysay_nho.jpg",
                "price": "125.000 đ",
                "detail": "Nho khô Raisins 3 màu FIJI NUTS, nho khô không đường sấy chua ngọt<br><br>        Thông tin sản phẩm:<br>        - Trọng lượng: Hũ nhựa 450gr<br>        - Xuất xứ: Nhập khẩu Chile<br>        - Hạn sử dụng: 6 tháng kể từ ngày sản xuất (in trên bao bì)<br>        - Phân phối bởi công ty TNHH Hạt dinh dưỡng Tây Nguyên<br>       <br>        Đặc điểm nổi bật của sản phẩm:<br>        - Được sấy khô tự nhiên bằng ánh nắng mặt trời, không tẩm ướp gia vị và có vị ngọt thanh mát, rất dễ ăn (không ngọt sắc). Thích hợp ăn vặt nhưng vẫn đảm bảo sức khoẻ.<br>        - Nguồn nguyên liệu nhập khẩu chính ngạch.<br>        - Nho khô không có chất bảo quản, an toàn cho sức khỏe.<br>        - Bảo quản lạnh kỹ lưỡng, chống nấm mốc."
            },
            {
                "name": "Nam Việt Quất Sấy Dẻo",
                "pic": "../assets/image/traicaysay_vietquat.jpg",
                "price": "185.000 đ",
                "detail": "Nam việt quất sấy khô FIJI NUTS, nam việt quất không đường ăn kiêng <br><br>        Thông tin sản phẩm:<br>        - Trọng lượng: Hũ nhựa 400gr <br>        - Xuất xứ: Nhập khẩu Mỹ<br>        - Hạn sử dụng: 6 tháng kể từ ngày sản xuất (in trên bao bì)<br>        - Phân phối bởi công ty TNHH Hạt dinh dưỡng Tây Nguyên<br>        <br>        Đặc điểm nổi bật của sản phẩm:<br>        - Nam việt quất được sấy khô tự nhiên bằng ánh nắng mặt trời, không tẩm ướp gia vị và có vị ngọt thanh mát, rất dễ ăn (không ngọt sắc). Thích hợp ăn vặt nhưng vẫn đảm bảo sức khoẻ.<br>        - Nguồn nguyên liệu nhập khẩu chính ngạch.<br>        - Nam việt quất không có chất bảo quản, an toàn cho sức khỏe.<br>        - Bảo quản việt quất sấy khô lạnh kỹ lưỡng, chống nấm mốc."
            },
            {
                "name": "Trà Bụp Giấm",
                "pic": "../assets/image/tra_bupgiam.jpg",
                "price": "110.000 đ",
                "detail": "Trà Hoa Atiso Đỏ (bụp giấm) Sấy Khô Nguyên Bông<br><br>        Thông tin sản phẩm:<br>        - Trọng lượng: Hộp 100g<br>        - Xuất xứ: Việt Nam <br>        - Hạn sử dụng: 12 tháng kể từ ngày sản xuất (in trên bao bì)<br>        <br>        Hướng dẫn sử dụng:<br>        - Pha 3g hoa atiso với nước sôi để tráng trà lọc bụi bẩn và đánh thức trà.<br>        - Sau đó cho hoa vào 200ml nước sôi ở khoảng 90 độ C vào hãm trong 15 phút.<br>        - Thêm đường phèn hoặc mật ong, tuỳ theo sở thích vào 200ml nước sôi để nguội.<br>        - Trộn 2 nước lại và dùng, có thể thêm đá hoặc ướp lạnh"
            },
            {
                "name": "Trà Hoa Cúc Vàng",
                "pic": "../assets/image/tra_hoacucvang.jpg",
                "price": "93.000 đ",
                "detail": "Trà hoa cúc vàng sấy khô FIJI NUTS<br><br>        Thông tin sản phẩm:<br>        - Trọng lượng: Hộp 50g<br>        - Xuất xứ: Việt Nam <br>        - Hạn sử dụng: 12 tháng kể từ ngày sản xuất (in trên bao bì)<br><br><br>        Hướng dẫn cách pha trà hoa cúc vàng sấy lạnh<br><br>        - Cho 4-5 bông cúc khô vào ấm trà, cho thêm nước sôi trên 100 độ vào. Ngâm trong 2 phút sau đó đổ nước 1 đi.<br><br>        - Lọc trà để bỏ bã hoa cúc và giữ lại nước trà.<br><br>        - Tuỳ theo người dùng có thể cho thêm mật ong hoặc đường phèn, cho nước sôi vào sau 2 phút là có thể thưởng thức."
            },
            {
                "name": "Trà Hoa Nhài",
                "pic": "../assets/image/tra_hoanhai.jpg",
                "price": "139.000 đ",
                "detail": "Trà hoa nhài khô nguyên bông FIJI NUTS<br><br>        Thông tin sản phẩm:<br>        - Trọng lượng: Hộp 500g <br>        - Xuất xứ: Việt Nam<br>        - Hạn sử dụng: 12 tháng kể từ ngày sản xuất (in trên bao bì)<br><br>       <br>        Hướng dẫn sử dụng:<br>        Bước 1: Cho 5 bông hoa (khoảng 5gram) vào ấm trà. Sau đó cho một ít nước sôi vào ấm và tráng trà. Tráng trà nghĩa là bạn cho một chút nước sôi vào ấm đã có sẵn trà, đợi 30 giây cho trà nở ra và đổ bỏ nước trà đó đi. Bước này có công dụng kích thích trà và làm sạch trà.<br>        Bước 2: Sử dụng đế đun đèn cầy để uống trà hoa. Cho ấm trà đã tráng lên chân đế đun đã thắp nến. Rót 250ml nước ấm vào ấm trà và đợi từ 5-7 phút. Nếu các bạn không sử dụng chân đế đun, thì sẽ rót nước sôi ở nhiệt độ 90-100oC vào ấm trà và cũng đợi từ 5-7 phút.<br>        Bước 3: Hết thời gian, bạn sử dụng đồ lọc trà chiết nước trà ra bình, khi uống thì các bạn rót lại sang tách. Với những loại bình thủy tinh có sẵn đồ lọc thì không cần phải lọc lại.<br>        Bước 4: Khi dùng hết trà thì các bạn lại tiếp tục lặp lại bước 2 để dùng tiếp. Trà có thể dùng lại được 2 – 3 lần."
            },
            {
                "name": "Trà Tâm Seb",
                "pic": "../assets/image/tra_tamsen.jpg",
                "price": "146.000 đ",
                "detail": "Trà tâm sen sấy khô FIJI NUTS<br><br>        Thông tin sản phẩm:<br>        - Trọng lượng: Hộp 300g<br>        - Xuất xứ: Việt Nam <br>        - Hạn sử dụng: 12 tháng kể từ ngày sản xuất (in trên bao bì)<br><br>        <br>        Hướng dẫn sử dụng:<br>        - Pha 200ml nước sôi với 2 – 3g tâm sen khô trong khoảng 10 phút <br>        - Trà tâm sen khô giúp dễ ngủ và ngủ ngon giấc được dùng nhiều lần trong ngày, đặc biệt vào buổi tối sau ăn tầm 1 - 2 tiếng."
            }
        ]
    }
}