<?xml version="1.0" encoding="utf-8" ?>
<TRATHAOMOC>
    <trathaomoc>
        <name>Trà Bụp Giấm</name>
        <pic>../assets/image/tra_bupgiam.jpg</pic>
        <price>110.000 đ</price>
        <detail>
        Trà Hoa Atiso Đỏ (bụp giấm) Sấy Khô Nguyên Bông

        Thông tin sản phẩm:
        - Trọng lượng: Hộp 100g
        - Xuất xứ: Việt Nam 
        - Hạn sử dụng: 12 tháng kể từ ngày sản xuất (in trên bao bì)
        
        Hướng dẫn sử dụng:
        - Pha 3g hoa atiso với nước sôi để tráng trà lọc bụi bẩn và đánh thức trà.
        - Sau đó cho hoa vào 200ml nước sôi ở khoảng 90 độ C vào hãm trong 15 phút.
        - Thêm đường phèn hoặc mật ong, tuỳ theo sở thích vào 200ml nước sôi để nguội.
        - Trộn 2 nước lại và dùng, có thể thêm đá hoặc ướp lạnh
        </detail>
    </trathaomoc>

    <hatdinhduong>
        <name>Trà Đậu Biếc</name>
        <pic>../assets/image/tra_daubiec.jpg</pic>
        <price>220.000 đ</price>
        <detail>
        Trà hoa đậu biếc FIJI NUTS sấy khô nguyên bông

        Thông tin sản phẩm:
        - Trọng lượng: Gói 50g
        - Xuất xứ: Việt Nam
        - Hạn sử dụng: 12 tháng kể từ ngày sản xuất (in trên bao bì)
        - Phân phối bởi công ty TNHH Hạt dinh dưỡng Tây Nguyên

        Hướng dẫn sử dụng:
            Bước 1:  Hoa đậu biếc khô cho vào túi vải lọc trà cùng với 4 lít nước sôi cho vào bình ủ và đậy kín nắp khoảng 15 – 20 phút.

            Bước 2: Lấy bã trà hoa đậu biếc ra để lọc và cho thêm nước sôi vào cho đủ 4L.

            Bước 3: Cho nước trà hoa đậu biếc hòa cùng 80ml nước cốt tắc và 800ml nước đường Hàn Quốc, 1/4 muỗng muối khuấy đều.

            Bước 4: Cho nước trà vào các chai ướp lạnh trong ngăn mát tủ lạnh khoảng 12 tiếng để dùng.

        </detail>
    </trathaomoc>

    <trathaomoc>
        <name>Trà Hoa Cúc Vàng</name>
        <pic>../assets/image/tra_hoacucvang.jpg</pic>
        <price>93.000 đ</price>
        <detail>
        Trà hoa cúc vàng sấy khô FIJI NUTS

        Thông tin sản phẩm:
        - Trọng lượng: Hộp 50g
        - Xuất xứ: Việt Nam 
        - Hạn sử dụng: 12 tháng kể từ ngày sản xuất (in trên bao bì)


        Hướng dẫn cách pha trà hoa cúc vàng sấy lạnh

        - Cho 4-5 bông cúc khô vào ấm trà, cho thêm nước sôi trên 100 độ vào. Ngâm trong 2 phút sau đó đổ nước 1 đi.

        - Lọc trà để bỏ bã hoa cúc và giữ lại nước trà.

        - Tuỳ theo người dùng có thể cho thêm mật ong hoặc đường phèn, cho nước sôi vào sau 2 phút là có thể thưởng thức.
        </detail>
    </trathaomoc>

    <trathaomoc>
        <name>Trà Hoa Nhài</name>
        <pic>../assets/image/tra_hoanhai.jpg</pic>
        <price>139.000 đ</price>
        <detail>
        Trà hoa nhài khô nguyên bông FIJI NUTS

        Thông tin sản phẩm:
        - Trọng lượng: Hộp 500g 
        - Xuất xứ: Việt Nam
        - Hạn sử dụng: 12 tháng kể từ ngày sản xuất (in trên bao bì)

       
        Hướng dẫn sử dụng:
        Bước 1: Cho 5 bông hoa (khoảng 5gram) vào ấm trà. Sau đó cho một ít nước sôi vào ấm và tráng trà. Tráng trà nghĩa là bạn cho một chút nước sôi vào ấm đã có sẵn trà, đợi 30 giây cho trà nở ra và đổ bỏ nước trà đó đi. Bước này có công dụng kích thích trà và làm sạch trà.
        Bước 2: Sử dụng đế đun đèn cầy để uống trà hoa. Cho ấm trà đã tráng lên chân đế đun đã thắp nến. Rót 250ml nước ấm vào ấm trà và đợi từ 5-7 phút. Nếu các bạn không sử dụng chân đế đun, thì sẽ rót nước sôi ở nhiệt độ 90-100oC vào ấm trà và cũng đợi từ 5-7 phút.
        Bước 3: Hết thời gian, bạn sử dụng đồ lọc trà chiết nước trà ra bình, khi uống thì các bạn rót lại sang tách. Với những loại bình thủy tinh có sẵn đồ lọc thì không cần phải lọc lại.
        Bước 4: Khi dùng hết trà thì các bạn lại tiếp tục lặp lại bước 2 để dùng tiếp. Trà có thể dùng lại được 2 – 3 lần.
        </detail>
    </trathaomoc>

    <trathaomoc>
        <name>Trà Tâm Seb</name>
        <pic>../assets/image/tra_tamsen.jpg</pic>
        <price>146.000 đ</price>
        <detail>
        Trà tâm sen sấy khô FIJI NUTS

        Thông tin sản phẩm:
        - Trọng lượng: Hộp 300g
        - Xuất xứ: Việt Nam 
        - Hạn sử dụng: 12 tháng kể từ ngày sản xuất (in trên bao bì)

        
        Hướng dẫn sử dụng:
        - Pha 200ml nước sôi với 2 – 3g tâm sen khô trong khoảng 10 phút 
        - Trà tâm sen khô giúp dễ ngủ và ngủ ngon giấc được dùng nhiều lần trong ngày, đặc biệt vào buổi tối sau ăn tầm 1 - 2 tiếng.
        </detail>
    </trathaomoc>
</TRATHAOMOC>